period_id,period_label,building_class,tabula_archetype,tabula_epoca,wall_code_primary,u_wall_primary,wall_code_secondary,u_wall_secondary,wall_code_tertiary,u_wall_tertiary,roof_code,u_roof,ceiling_code,u_ceiling,floor_code,u_floor,window_u_mean,window_u_std,window_u_median,window_u_q1,window_u_q3,window_u_source,window_g_value,window_g_source,wall_description_urbem,roof_description_urbem,urbem_wall_mix,envelope_source,confidence
P1,before_1918,SFH,SFH_01,Fino al 1900,Wall_01.03,1.6108,,,,,Roof_01.01,1.7964,,,Floor_01.04,2.0893,,,,,,missing: URBEM SFH/MFH workbooks not in repo - do not copy Apartments values,,"missing: TABULA national window table not extracted - use defaults, do not invent",,,,TABULA tabula.csv (Politecnico XLS) + URBEM RES_APPBLOCK_E_PIE.xlsx,medium: opaque from TABULA; windows/systems missing for this class
P1,before_1918,MFH,MFH_01,Fino al 1900,Wall_01.04,1.1862,,,,,Roof_01.01,1.7964,Ceiling_01.01,2.0795,Floor_01.01,1.5879,,,,,,missing: URBEM SFH/MFH workbooks not in repo - do not copy Apartments values,,"missing: TABULA national window table not extracted - use defaults, do not invent",,,,TABULA tabula.csv (Politecnico XLS) + URBEM RES_APPBLOCK_E_PIE.xlsx,medium: opaque from TABULA; windows/systems missing for this class
P1,before_1918,Apartments,AB_01,Fino al 1900,Wall_01.04,1.1862,Wall_01.07,1.1349,Wall_01.08,1.0189,Roof_01.01,1.7964,Ceiling_01.02,2.8571,Floor_01.01,1.5879,3.19,1.24,,,,URBEM ['-1930'] EPC apartments (n=58853),,"missing: TABULA national window table not extracted - use defaults, do not invent",External walls: solid brick masonry (cod. MLP01).,Roof slabs: concrete floor slab (cod. SOL06).,Hollow brick masonry: 8.00%; Solid Brick masonry: 89.00%; Unknown: 3.00%,TABULA tabula.csv (Politecnico XLS) + URBEM RES_APPBLOCK_E_PIE.xlsx,medium (proxy: URBEM <1930 sheet also covers 1919-1929; approximate for pre-1919 stock)
P2,1919_1945,SFH,SFH_03,1921-1945,Wall_01.06,1.482,,,,,Roof_01.01,1.7964,,,Floor_01.04,2.0893,,,,,,missing: URBEM SFH/MFH workbooks not in repo - do not copy Apartments values,,"missing: TABULA national window table not extracted - use defaults, do not invent",,,,TABULA tabula.csv (Politecnico XLS) + URBEM RES_APPBLOCK_E_PIE.xlsx,medium: opaque from TABULA; windows/systems missing for this class
P2,1919_1945,MFH,MFH_03,1921-1945,Wall_01.06,1.482,Wall_03.01,1.1516,,,Roof_01.01,1.7964,Ceiling_02.03,2.6698,Floor_02.03,1.9518,,,,,,missing: URBEM SFH/MFH workbooks not in repo - do not copy Apartments values,,"missing: TABULA national window table not extracted - use defaults, do not invent",,,,TABULA tabula.csv (Politecnico XLS) + URBEM RES_APPBLOCK_E_PIE.xlsx,medium: opaque from TABULA; windows/systems missing for this class
P2,1919_1945,Apartments,AB_03,1921-1945,Wall_01.07,1.1349,Wall_01.08,1.0189,Wall_01.05,1.9943,Roof_03.01,2.2167,Ceiling_02.02,2.4824,Floor_02.02,1.8182,3.209,1.2449,,,,"URBEM ['1931-1940', '1941-1950'] EPC apartments (n=30678)",,"missing: TABULA national window table not extracted - use defaults, do not invent",External walls: solid brick masonry (cod. MLP01) or hollow brick masonry with air gap (cod. MCV01).,Roof slabs: concrete floor slab (cod. SOL06).,Hollow brick masonry: 26.91%; Solid Brick masonry: 70.09%; Unknown: 3.00%,TABULA tabula.csv (Politecnico XLS) + URBEM RES_APPBLOCK_E_PIE.xlsx,medium (weighted blend of URBEM 1931-1940 + 1941-1950; 1919-1930 years missing from blend)
P3,1946_1960,SFH,SFH_04,1946-1960,Wall_01.06,1.482,,,,,Roof_03.01,2.2167,,,Floor_01.04,2.0893,,,,,,missing: URBEM SFH/MFH workbooks not in repo - do not copy Apartments values,,"missing: TABULA national window table not extracted - use defaults, do not invent",,,,TABULA tabula.csv (Politecnico XLS) + URBEM RES_APPBLOCK_E_PIE.xlsx,medium: opaque from TABULA; windows/systems missing for this class
P3,1946_1960,MFH,MFH_04,1946-1960,Wall_01.06,1.482,Wall_01.05,1.9943,,,Roof_01.01,1.7964,Ceiling_03.01,1.6636,Floor_03.01,1.3182,,,,,,missing: URBEM SFH/MFH workbooks not in repo - do not copy Apartments values,,"missing: TABULA national window table not extracted - use defaults, do not invent",,,,TABULA tabula.csv (Politecnico XLS) + URBEM RES_APPBLOCK_E_PIE.xlsx,medium: opaque from TABULA; windows/systems missing for this class
P3,1946_1960,Apartments,AB_04,1946-1960,Wall_03.01,1.1516,Wall_04.03,3.4134,,,Roof_01.01,1.7964,Ceiling_03.01,1.6636,Floor_03.01,1.3182,3.3028,1.2718,,,,"URBEM ['1941-1950', '1951-1960'] EPC apartments (n=64810)",,"missing: TABULA national window table not extracted - use defaults, do not invent",External walls: hollow brick masonry with air gap (cod. MCV01).,Roof slabs: reinforced concrete floor slab (cod. SOL04).,Hollow brick masonry: 64.32%; Solid Brick masonry: 32.68%; Unknown: 3.00%,TABULA tabula.csv (Politecnico XLS) + URBEM RES_APPBLOCK_E_PIE.xlsx,medium (weighted blend of URBEM 1941-1950 + 1951-1960; 1941-1945 spill into blend)
P4,1961_1970,SFH,SFH_05,1961-1975,Wall_04.02,1.2623,,,,,Roof_03.01,2.2167,,,Floor_01.04,2.0893,,,,,,missing: URBEM SFH/MFH workbooks not in repo - do not copy Apartments values,,"missing: TABULA national window table not extracted - use defaults, do not invent",,,,TABULA tabula.csv (Politecnico XLS) + URBEM RES_APPBLOCK_E_PIE.xlsx,medium: opaque from TABULA; windows/systems missing for this class
P4,1961_1970,MFH,MFH_05,1961-1975,Wall_03.01,1.1516,Wall_04.01,1.7519,,,Roof_03.01,2.2167,Ceiling_03.01,1.6636,Floor_03.01,1.3182,,,,,,missing: URBEM SFH/MFH workbooks not in repo - do not copy Apartments values,,"missing: TABULA national window table not extracted - use defaults, do not invent",,,,TABULA tabula.csv (Politecnico XLS) + URBEM RES_APPBLOCK_E_PIE.xlsx,medium: opaque from TABULA; windows/systems missing for this class
P4,1961_1970,Apartments,AB_05,1961-1975,Wall_03.02,1.086,Wall_04.02,1.2623,,,Roof_03.01,2.2167,Ceiling_03.01,1.6636,Floor_03.01,1.3182,3.38,1.31,3.16,2.32,4.58,URBEM ['1961-1970'] EPC apartments (n=76504),,"missing: TABULA national window table not extracted - use defaults, do not invent",External walls: hollow brick masonry with air gap (cod. MCV01).,Roof slabs: reinforced concrete floor slab (cod. SOL04).,Hollow brick masonry: 80.00%; Solid Brick masonry: 17.00%; Unknown: 2.00%; Prefabricated panels: 1.00%,TABULA tabula.csv (Politecnico XLS) + URBEM RES_APPBLOCK_E_PIE.xlsx,high
P5,1971_1980,SFH,SFH_05,1961-1975,Wall_04.02,1.2623,,,,,Roof_03.01,2.2167,,,Floor_01.04,2.0893,,,,,,missing: URBEM SFH/MFH workbooks not in repo - do not copy Apartments values,,"missing: TABULA national window table not extracted - use defaults, do not invent",,,,TABULA tabula.csv (Politecnico XLS) + URBEM RES_APPBLOCK_E_PIE.xlsx,medium: opaque from TABULA; windows/systems missing for this class
P5,1971_1980,MFH,MFH_05,1961-1975,Wall_03.01,1.1516,Wall_04.01,1.7519,,,Roof_03.01,2.2167,Ceiling_03.01,1.6636,Floor_03.01,1.3182,,,,,,missing: URBEM SFH/MFH workbooks not in repo - do not copy Apartments values,,"missing: TABULA national window table not extracted - use defaults, do not invent",,,,TABULA tabula.csv (Politecnico XLS) + URBEM RES_APPBLOCK_E_PIE.xlsx,medium: opaque from TABULA; windows/systems missing for this class
P5,1971_1980,Apartments,AB_05,1961-1975,Wall_03.02,1.086,Wall_04.02,1.2623,,,Roof_03.01,2.2167,Ceiling_03.01,1.6636,Floor_03.01,1.3182,3.28,1.29,3.1,2.28,4.49,URBEM ['1971-1980'] EPC apartments (n=33754),,"missing: TABULA national window table not extracted - use defaults, do not invent",External walls: hollow brick masonry with thermal insulation (cod. MCV02).,Roof slabs: reinforced concrete floor slab (cod. SOL04).,Hollow brick masonry: 79.00%; Solid Brick masonry: 17.00%; Unknown: 2.00%; Prefabricated panels: 1.00%,TABULA tabula.csv (Politecnico XLS) + URBEM RES_APPBLOCK_E_PIE.xlsx,high
P6,1981_1990,SFH,SFH_06,1976-1990,Wall_06.02,0.7654,,,,,Roof_06.02,1.1288,,,Floor_06.01,0.9754,,,,,,missing: URBEM SFH/MFH workbooks not in repo - do not copy Apartments values,,"missing: TABULA national window table not extracted - use defaults, do not invent",,,,TABULA tabula.csv (Politecnico XLS) + URBEM RES_APPBLOCK_E_PIE.xlsx,medium: opaque from TABULA; windows/systems missing for this class
P6,1981_1990,MFH,MFH_06,1976-1990,Wall_06.03,0.8103,Wall_06.03,0.8103,,,Roof_03.01,2.2167,Ceiling_06.01,0.9653,Floor_06.01,0.9754,,,,,,missing: URBEM SFH/MFH workbooks not in repo - do not copy Apartments values,,"missing: TABULA national window table not extracted - use defaults, do not invent",,,,TABULA tabula.csv (Politecnico XLS) + URBEM RES_APPBLOCK_E_PIE.xlsx,medium: opaque from TABULA; windows/systems missing for this class
P6,1981_1990,Apartments,AB_06,1976-1990,Wall_06.02,0.7654,Wall_06.05,0.8223,,,Roof_03.02,1.8443,Ceiling_06.01,0.9653,Floor_06.01,0.9754,2.97,1.03,2.88,2.31,3.3,URBEM ['1981-1990'] EPC apartments (n=14645),,"missing: TABULA national window table not extracted - use defaults, do not invent",External walls: hollow brick masonry with thermal insulation (cod. MCV02).,Roof slabs: reinforced concrete floor slab (cod. SOL04).,Hollow brick masonry: 74.00%; Solid Brick masonry: 21.00%; Prefabricated panels: 3.00%; Unknown: 2.00%,TABULA tabula.csv (Politecnico XLS) + URBEM RES_APPBLOCK_E_PIE.xlsx,high
P7,1991_2000,SFH,SFH_07,1991-2005,Wall_07.03,0.5906,,,,,Roof_03.01,2.2167,Ceiling_07.01,0.68,Floor_07.01,0.774,,,,,,missing: URBEM SFH/MFH workbooks not in repo - do not copy Apartments values,,"missing: TABULA national window table not extracted - use defaults, do not invent",,,,TABULA tabula.csv (Politecnico XLS) + URBEM RES_APPBLOCK_E_PIE.xlsx,medium: opaque from TABULA; windows/systems missing for this class
P7,1991_2000,MFH,MFH_07,1991-2005,Wall_07.01,0.5895,Wall_07.05,0.6086,,,Roof_03.01,2.2167,Ceiling_07.01,0.68,Floor_07.01,0.774,,,,,,missing: URBEM SFH/MFH workbooks not in repo - do not copy Apartments values,,"missing: TABULA national window table not extracted - use defaults, do not invent",,,,TABULA tabula.csv (Politecnico XLS) + URBEM RES_APPBLOCK_E_PIE.xlsx,medium: opaque from TABULA; windows/systems missing for this class
P7,1991_2000,Apartments,AB_07,1991-2005,Wall_07.05,0.6086,Wall_07.03,0.5906,Wall_07.04,0.6206,Roof_07.03,0.689,Ceiling_07.01,0.68,Floor_07.01,0.774,2.67,0.75,2.76,2.2,3.03,URBEM ['1991-2000'] EPC apartments (n=12567),,"missing: TABULA national window table not extracted - use defaults, do not invent",External walls: hollow brick masonry with thermal insulation (cod. MCV02).,Roof slabs: reinforced concrete floor slab (cod. SOL04).,Hollow brick masonry: 76.00%; Solid Brick masonry: 21.00%; Unknown: 2.00%; Prefabricated panels: 1.00%,TABULA tabula.csv (Politecnico XLS) + URBEM RES_APPBLOCK_E_PIE.xlsx,high
P8,2001_2005,SFH,SFH_07,1991-2005,Wall_07.03,0.5906,,,,,Roof_03.01,2.2167,Ceiling_07.01,0.68,Floor_07.01,0.774,,,,,,missing: URBEM SFH/MFH workbooks not in repo - do not copy Apartments values,,"missing: TABULA national window table not extracted - use defaults, do not invent",,,,TABULA tabula.csv (Politecnico XLS) + URBEM RES_APPBLOCK_E_PIE.xlsx,medium: opaque from TABULA; windows/systems missing for this class
P8,2001_2005,MFH,MFH_07,1991-2005,Wall_07.01,0.5895,Wall_07.05,0.6086,,,Roof_03.01,2.2167,Ceiling_07.01,0.68,Floor_07.01,0.774,,,,,,missing: URBEM SFH/MFH workbooks not in repo - do not copy Apartments values,,"missing: TABULA national window table not extracted - use defaults, do not invent",,,,TABULA tabula.csv (Politecnico XLS) + URBEM RES_APPBLOCK_E_PIE.xlsx,medium: opaque from TABULA; windows/systems missing for this class
P8,2001_2005,Apartments,AB_07,1991-2005,Wall_07.05,0.6086,Wall_07.03,0.5906,Wall_07.04,0.6206,Roof_07.03,0.689,Ceiling_07.01,0.68,Floor_07.01,0.774,2.44,0.68,,,,URBEM ['2001-2010'] EPC apartments (n=18517),,"missing: TABULA national window table not extracted - use defaults, do not invent",External walls: hollow brick masonry with thermal insulation (cod. MCV02).,Roof slabs: reinforced concrete floor slab (cod. SOL04).,Hollow brick masonry: 78.00%; Prefabricated panels: 1.00%; Solid Brick masonry: 19.00%; Unknown: 2.00%,TABULA tabula.csv (Politecnico XLS) + URBEM RES_APPBLOCK_E_PIE.xlsx,medium (proxy: URBEM 2001-2010 sheet also covers 2006-2010)
P9,after_2005,SFH,SFH_08,Dopo il 2005,Wall_08.01,0.3366,,,,,Roof_07.02,0.7352,Ceiling_08.01,0.2984,Floor_08.02,0.3357,,,,,,missing: URBEM SFH/MFH workbooks not in repo - do not copy Apartments values,,"missing: TABULA national window table not extracted - use defaults, do not invent",,,,TABULA tabula.csv (Politecnico XLS) + URBEM RES_APPBLOCK_E_PIE.xlsx,medium: opaque from TABULA; windows/systems missing for this class
P9,after_2005,MFH,MFH_08,Dopo il 2005,Wall_08.01,0.3366,Wall_08.02,0.3373,,,Roof_07.02,0.7352,Ceiling_08.01,0.2984,Floor_08.01,0.3324,,,,,,missing: URBEM SFH/MFH workbooks not in repo - do not copy Apartments values,,"missing: TABULA national window table not extracted - use defaults, do not invent",,,,TABULA tabula.csv (Politecnico XLS) + URBEM RES_APPBLOCK_E_PIE.xlsx,medium: opaque from TABULA; windows/systems missing for this class
P9,after_2005,Apartments,AB_08,Dopo il 2005,Wall_08.01,0.3366,Wall_08.02,0.3373,,,Roof_07.02,0.7352,Ceiling_08.01,0.2984,Floor_08.01,0.3324,2.1533,0.764,,,,"URBEM ['2001-2010', '2011-'] EPC apartments (n=31679)",,"missing: TABULA national window table not extracted - use defaults, do not invent",External walls: hollow brick masonry with thermal insulation (cod. MCV02).,Roof slabs: reinforced concrete floor slab (cod. SOL04).,Hollow brick masonry: 77.17%; Prefabricated panels: 1.00%; Solid Brick masonry: 19.00%; Unknown: 2.83%,TABULA tabula.csv (Politecnico XLS) + URBEM RES_APPBLOCK_E_PIE.xlsx,medium (weighted blend of URBEM 2001-2010 + 2011-)
