period_id,period_label,building_class,heating_system_shares,energy_carrier_shares,dhw_system_shares,ventilation_type,air_exchange_rate_h,heating_daily_hours_h,heating_power_kw_mean,heating_power_kw_std,cooling_power_kw_mean,cooling_power_kw_std,dhw_power_kw_mean,dhw_power_kw_std,dhw_temp_c,apartment_net_floor_area_m2_mean,apartment_net_floor_area_m2_std,apartment_gross_volume_m3_mean,apartment_gross_volume_m3_std,compactness_mean,compactness_std,occupancy_source,efficiency_note,system_source,confidence,data_quality_flag
P1,before_1918,Apartments,Autonomous: 76.00%; Centralized: 24.00%,District heating: 5.00%; Electricity: 7.00%; Gas Oil: 2.00%; LPG: 2.00%; Natural Gas: 80.00%; Solid biomass: 4.00%,"Autonomous, coupled with heating: 55.00%; Autonomous, detached from heating: 30.00%; Centralized, coupled with heating: 13.00%; Centralized, detached from heating: 2.00%",Natural: 100%,0.3,14,23.4,6.2,6.0,5.6,19.4,9.9,40,80.7,55.4,342.3,246.2,0.58,0.41,UNI EN 16798-1 Table A.19 (occupancy) and A.8.3 (lighting/equipment),efficiency/COP NOT in URBEM - retrieve from suitable datasheets per system type; never use power as efficiency,URBEM ['-1930'] EPC apartments (n=58853),medium (proxy: URBEM <1930 sheet also covers 1919-1929; approximate for pre-1919 stock),
P1,before_1918,SFH,,,,,,,,,,,,,,,,,,,,UNI EN 16798-1 (same standard applies once class workbooks added),missing for this class,missing: URBEM SFH/MFH workbooks not in repo; EPISCOPE S-2.x regional aggregates to be added - do not copy Apartments shares,missing,
P1,before_1918,MFH,,,,,,,,,,,,,,,,,,,,UNI EN 16798-1 (same standard applies once class workbooks added),missing for this class,missing: URBEM SFH/MFH workbooks not in repo; EPISCOPE S-2.x regional aggregates to be added - do not copy Apartments shares,missing,
P2,1919_1945,Apartments,Autonomous: 63.57%; Centralized: 36.43%,District heating: 5.00%; Electricity: 7.00%; Gas Oil: 2.00%; LPG: 2.00%; Natural Gas: 80.00%; Solid biomass: 4.00%,"Autonomous, coupled with heating: 48.10%; Autonomous, detached from heating: 40.95%; Centralized, coupled with heating: 9.48%; Centralized, detached from heating: 1.48%",Natural: 100%,0.3,14,23.5049,6.3008,5.4098,4.9518,18.3098,10.0976,40,75.9195,45.3496,311.1647,192.3324,0.58,2.107,UNI EN 16798-1 Table A.19 (occupancy) and A.8.3 (lighting/equipment),efficiency/COP NOT in URBEM - retrieve from suitable datasheets per system type; never use power as efficiency,"URBEM ['1931-1940', '1941-1950'] EPC apartments (n=30678)",medium (weighted blend of URBEM 1931-1940 + 1941-1950; 1919-1930 years missing from blend),
P2,1919_1945,SFH,,,,,,,,,,,,,,,,,,,,UNI EN 16798-1 (same standard applies once class workbooks added),missing for this class,missing: URBEM SFH/MFH workbooks not in repo; EPISCOPE S-2.x regional aggregates to be added - do not copy Apartments shares,missing,
P2,1919_1945,MFH,,,,,,,,,,,,,,,,,,,,UNI EN 16798-1 (same standard applies once class workbooks added),missing for this class,missing: URBEM SFH/MFH workbooks not in repo; EPISCOPE S-2.x regional aggregates to be added - do not copy Apartments shares,missing,
P3,1946_1960,Apartments,Autonomous: 39.44%; Centralized: 60.56%,District heating: 5.75%; Electricity: 7.00%; Gas Oil: 1.25%; LPG: 2.00%; Natural Gas: 80.00%; Solid biomass: 4.00%,"Autonomous, coupled with heating: 28.95%; Autonomous, detached from heating: 62.55%; Centralized, coupled with heating: 6.74%; Centralized, detached from heating: 1.75%",Natural: 100%,0.3,14,23.1489,7.0698,4.6979,3.6048,15.7184,10.3505,40,72.3907,42.4622,286.5706,174.3678,0.5199,0.9053,UNI EN 16798-1 Table A.19 (occupancy) and A.8.3 (lighting/equipment),efficiency/COP NOT in URBEM - retrieve from suitable datasheets per system type; never use power as efficiency,"URBEM ['1941-1950', '1951-1960'] EPC apartments (n=64810)",medium (weighted blend of URBEM 1941-1950 + 1951-1960; 1941-1945 spill into blend),
P3,1946_1960,SFH,,,,,,,,,,,,,,,,,,,,UNI EN 16798-1 (same standard applies once class workbooks added),missing for this class,missing: URBEM SFH/MFH workbooks not in repo; EPISCOPE S-2.x regional aggregates to be added - do not copy Apartments shares,missing,
P3,1946_1960,MFH,,,,,,,,,,,,,,,,,,,,UNI EN 16798-1 (same standard applies once class workbooks added),missing for this class,missing: URBEM SFH/MFH workbooks not in repo; EPISCOPE S-2.x regional aggregates to be added - do not copy Apartments shares,missing,
P4,1961_1970,Apartments,Centralized: 73.00%; Autonomous: 27.00%,Natural Gas: 80.00%; Electricity: 7.00%; District heating: 6.00%; Solid biomass: 4.00%; LPG: 2.00%; Gas Oil: 2.00%,"Autonomous, detached from heating: 66.00%; Autonomous, coupled with heating: 20.00%; Centralized, coupled with heating: 10.00%; Centralized, detached from heating: 4.00%",Natural: 100%,0.3,14,22.9,7.5,4.6,3.3,15,10.3,40,76.7,34.6,297.3,143.5,0.5,0.38,UNI EN 16798-1 Table A.19 (occupancy) and A.8.3 (lighting/equipment),efficiency/COP NOT in URBEM - retrieve from suitable datasheets per system type; never use power as efficiency,URBEM ['1961-1970'] EPC apartments (n=76504),high,"dhw_power mean (15.0) far below median (19.2) with q1=1.5 - suspect entry in workbook, verify"
P4,1961_1970,SFH,,,,,,,,,,,,,,,,,,,,UNI EN 16798-1 (same standard applies once class workbooks added),missing for this class,missing: URBEM SFH/MFH workbooks not in repo; EPISCOPE S-2.x regional aggregates to be added - do not copy Apartments shares,missing,
P4,1961_1970,MFH,,,,,,,,,,,,,,,,,,,,UNI EN 16798-1 (same standard applies once class workbooks added),missing for this class,missing: URBEM SFH/MFH workbooks not in repo; EPISCOPE S-2.x regional aggregates to be added - do not copy Apartments shares,missing,
P5,1971_1980,Apartments,Centralized: 57.00%; Autonomous: 43.00%,Natural Gas: 80.00%; Electricity: 7.00%; District heating: 5.00%; Solid biomass: 4.00%; LPG: 2.00%; Gas Oil: 2.00%,"Autonomous, detached from heating: 38.00%; Autonomous, coupled with heating: 36.00%; Centralized, coupled with heating: 19.00%; Centralized, detached from heating: 7.00%",Natural: 100%,0.3,14,6.1,23.6,5,3.6,18.6,10.1,40,87.1,40.5,333.9,167.7,0.56,1.06,UNI EN 16798-1 Table A.19 (occupancy) and A.8.3 (lighting/equipment),efficiency/COP NOT in URBEM - retrieve from suitable datasheets per system type; never use power as efficiency,URBEM ['1971-1980'] EPC apartments (n=33754),high,"heating_power mean (6.1) below q1 (24.0), median 0.0 - suspect entry in workbook, verify; dhw_power q1=12.0 vs mean 18.6 ok"
P5,1971_1980,SFH,,,,,,,,,,,,,,,,,,,,UNI EN 16798-1 (same standard applies once class workbooks added),missing for this class,missing: URBEM SFH/MFH workbooks not in repo; EPISCOPE S-2.x regional aggregates to be added - do not copy Apartments shares,missing,
P5,1971_1980,MFH,,,,,,,,,,,,,,,,,,,,UNI EN 16798-1 (same standard applies once class workbooks added),missing for this class,missing: URBEM SFH/MFH workbooks not in repo; EPISCOPE S-2.x regional aggregates to be added - do not copy Apartments shares,missing,
P6,1981_1990,Apartments,Autonomous: 76.00%; Centralized: 24.00%,Natural Gas: 79.00%; Electricity: 7.00%; District heating: 5.00%; Solid biomass: 4.00%; LPG: 3.00%; Gas Oil: 2.00%,"Autonomous, coupled with heating: 69.00%; Autonomous, detached from heating: 19.00%; Centralized, coupled with heating: 10.00%; Centralized, detached from heating: 2.00%",Natural: 100%,0.3,14,4.4,23,4.7,3.6,22.5,7.6,40,90.6,45.8,339,188.6,0.58,0.25,UNI EN 16798-1 Table A.19 (occupancy) and A.8.3 (lighting/equipment),efficiency/COP NOT in URBEM - retrieve from suitable datasheets per system type; never use power as efficiency,URBEM ['1981-1990'] EPC apartments (n=14645),high,"heating_power mean (4.4) below q1 (8.0) - suspect entry in workbook, verify"
P6,1981_1990,SFH,,,,,,,,,,,,,,,,,,,,UNI EN 16798-1 (same standard applies once class workbooks added),missing for this class,missing: URBEM SFH/MFH workbooks not in repo; EPISCOPE S-2.x regional aggregates to be added - do not copy Apartments shares,missing,
P6,1981_1990,MFH,,,,,,,,,,,,,,,,,,,,UNI EN 16798-1 (same standard applies once class workbooks added),missing for this class,missing: URBEM SFH/MFH workbooks not in repo; EPISCOPE S-2.x regional aggregates to be added - do not copy Apartments shares,missing,
P7,1991_2000,Apartments,Autonomous: 96.00%; Centralized: 4.00%,Natural Gas: 79.00%; Electricity: 7.00%; District heating: 5.00%; Solid biomass: 4.00%; LPG: 3.00%; Gas Oil: 2.00%,"Autonomous, coupled with heating: 91.00%; Autonomous, detached from heating: 4.00%; Centralized, coupled with heating: 4.00%; Centralized, detached from heating: 1.00%",Natural: 100%,0.3,14,25,3.7,5.1,4,24.6,4.7,40,94.9,48.9,350.3,187.2,0.62,2.86,UNI EN 16798-1 Table A.19 (occupancy) and A.8.3 (lighting/equipment),efficiency/COP NOT in URBEM - retrieve from suitable datasheets per system type; never use power as efficiency,URBEM ['1991-2000'] EPC apartments (n=12567),high,
P7,1991_2000,SFH,,,,,,,,,,,,,,,,,,,,UNI EN 16798-1 (same standard applies once class workbooks added),missing for this class,missing: URBEM SFH/MFH workbooks not in repo; EPISCOPE S-2.x regional aggregates to be added - do not copy Apartments shares,missing,
P7,1991_2000,MFH,,,,,,,,,,,,,,,,,,,,UNI EN 16798-1 (same standard applies once class workbooks added),missing for this class,missing: URBEM SFH/MFH workbooks not in repo; EPISCOPE S-2.x regional aggregates to be added - do not copy Apartments shares,missing,
P8,2001_2005,Apartments,Autonomous: 82.00%; Centralized: 18.00%,District heating: 6.00%; Electricity: 6.00%; Gas Oil: 2.00%; LPG: 2.00%; Natural Gas: 80.00%; Solid biomass: 4.00%,"Autonomous, coupled with heating: 79.00%; Autonomous, detached from heating: 4.00%; Centralized, coupled with heating: 16.00%; Centralized, detached from heating: 1.00%",Natural: 100%,0.3,14,24.6,3.7,5.3,5.2,24.3,4.5,40,80.0,42.9,297.7,166.3,0.58,0.33,UNI EN 16798-1 Table A.19 (occupancy) and A.8.3 (lighting/equipment),efficiency/COP NOT in URBEM - retrieve from suitable datasheets per system type; never use power as efficiency,URBEM ['2001-2010'] EPC apartments (n=18517),medium (proxy: URBEM 2001-2010 sheet also covers 2006-2010),
P8,2001_2005,SFH,,,,,,,,,,,,,,,,,,,,UNI EN 16798-1 (same standard applies once class workbooks added),missing for this class,missing: URBEM SFH/MFH workbooks not in repo; EPISCOPE S-2.x regional aggregates to be added - do not copy Apartments shares,missing,
P8,2001_2005,MFH,,,,,,,,,,,,,,,,,,,,UNI EN 16798-1 (same standard applies once class workbooks added),missing for this class,missing: URBEM SFH/MFH workbooks not in repo; EPISCOPE S-2.x regional aggregates to be added - do not copy Apartments shares,missing,
P9,after_2005,Apartments,Autonomous: 71.61%; Centralized: 28.39%,District heating: 6.00%; Electricity: 6.00%; Gas Oil: 2.00%; LPG: 2.00%; Natural Gas: 80.00%; Solid biomass: 4.00%,"Autonomous, coupled with heating: 65.70%; Autonomous, detached from heating: 7.74%; Centralized, coupled with heating: 22.65%; Centralized, detached from heating: 3.91%",Natural: 100%,0.3,14,21.8578,7.8079,6.6295,6.4066,21.267,8.6105,40,82.3267,44.6037,317.3938,180.7541,0.5883,0.2928,UNI EN 16798-1 Table A.19 (occupancy) and A.8.3 (lighting/equipment),efficiency/COP NOT in URBEM - retrieve from suitable datasheets per system type; never use power as efficiency,"URBEM ['2001-2010', '2011-'] EPC apartments (n=31679)",medium (weighted blend of URBEM 2001-2010 + 2011-),
P9,after_2005,SFH,,,,,,,,,,,,,,,,,,,,UNI EN 16798-1 (same standard applies once class workbooks added),missing for this class,missing: URBEM SFH/MFH workbooks not in repo; EPISCOPE S-2.x regional aggregates to be added - do not copy Apartments shares,missing,
P9,after_2005,MFH,,,,,,,,,,,,,,,,,,,,UNI EN 16798-1 (same standard applies once class workbooks added),missing for this class,missing: URBEM SFH/MFH workbooks not in repo; EPISCOPE S-2.x regional aggregates to be added - do not copy Apartments shares,missing,
